장소,분류,별점,주소,상호 번호
갓잇 송리단길점,양식,4.2,"
서울 송파구 오금로16길 20 1,2층
(지번) 송파동 37-6
",070-8824-9451
고도식 잠실점,"육류,고기",,"
서울 송파구 백제고분로45길 28 1층
(지번) 송파동 55-7
",02-422-8692
라라브레드 잠실점,디저트카페,4.0,"
서울 송파구 오금로16길 4 지하1층, 1,2층
(지번) 송파동 58-8
",
일일향 잠실점,중국요리,,"
서울 송파구 석촌호수로 290 성우빌딩 지하1층,1~2층 B02호
(지번) 송파동 58-18
",02-421-8900
벨라스가든,양식,3.4,"
서울 송파구 백제고분로41길 42-19
(지번) 송파동 32-2
",02-424-4243
멘야하나비 서울본점,일식,3.7,"
서울 송파구 백제고분로45길 38 1층 103호
(지번) 송파동 57
",070-8959-1108
뉴질랜드스토리,카페,4.3,"
서울 송파구 석촌호수로 268 경남레이크파크 1층
(지번) 송파동 32-1
",070-7523-6265
엘리스리틀이태리,이탈리안,4.0,"
서울 송파구 백제고분로41길 43-21 1층
(지번) 송파동 8
",
피제리아라고,피자,4.1,"
서울 송파구 백제고분로41길 39
(지번) 송파동 9-9
",02-422-8588
디트로네 잠실점,카페,3.2,"
서울 송파구 석촌호수로 258 아르누보팰리스 1층 105호
(지번) 송파동 7-1
",02-422-5021
젠젠 잠실점,디저트카페,3.4,"
서울 송파구 백제고분로45길 34 동방빌딩 2층
(지번) 송파동 56-1
",02-412-7240
서정적살롱,카페,2.3,"
서울 송파구 석촌호수로 274
(지번) 송파동 32-7
",02-415-7670
서울리즘,카페,2.2,"
서울 송파구 백제고분로 435 예스빌딩 1, 6층
(지번) 송파동 48-7
",02-412-0812
입분식가정집,분식,3.9,"
서울 송파구 오금로18길 10 2층
(지번) 송파동 51-4
",
돈블랑 석촌호수점,"육류,고기",3.2,"
서울 송파구 석촌호수로 296 1층
(지번) 송파동 58
",02-423-8400
갓잇 송리단길점,양식,4.2,"
서울 송파구 오금로16길 20 1,2층
(지번) 송파동 37-6
",070-8824-9451
고도식 잠실점,"육류,고기",,"
서울 송파구 백제고분로45길 28 1층
(지번) 송파동 55-7
",02-422-8692
라라브레드 잠실점,디저트카페,4.0,"
서울 송파구 오금로16길 4 지하1층, 1,2층
(지번) 송파동 58-8
",
일일향 잠실점,중국요리,,"
서울 송파구 석촌호수로 290 성우빌딩 지하1층,1~2층 B02호
(지번) 송파동 58-18
",02-421-8900
벨라스가든,양식,3.4,"
서울 송파구 백제고분로41길 42-19
(지번) 송파동 32-2
",02-424-4243
멘야하나비 서울본점,일식,3.7,"
서울 송파구 백제고분로45길 38 1층 103호
(지번) 송파동 57
",070-8959-1108
뉴질랜드스토리,카페,4.3,"
서울 송파구 석촌호수로 268 경남레이크파크 1층
(지번) 송파동 32-1
",070-7523-6265
엘리스리틀이태리,이탈리안,4.0,"
서울 송파구 백제고분로41길 43-21 1층
(지번) 송파동 8
",
피제리아라고,피자,4.1,"
서울 송파구 백제고분로41길 39
(지번) 송파동 9-9
",02-422-8588
디트로네 잠실점,카페,3.2,"
서울 송파구 석촌호수로 258 아르누보팰리스 1층 105호
(지번) 송파동 7-1
",02-422-5021
젠젠 잠실점,디저트카페,3.4,"
서울 송파구 백제고분로45길 34 동방빌딩 2층
(지번) 송파동 56-1
",02-412-7240
서정적살롱,카페,2.3,"
서울 송파구 석촌호수로 274
(지번) 송파동 32-7
",02-415-7670
서울리즘,카페,2.2,"
서울 송파구 백제고분로 435 예스빌딩 1, 6층
(지번) 송파동 48-7
",02-412-0812
입분식가정집,분식,3.9,"
서울 송파구 오금로18길 10 2층
(지번) 송파동 51-4
",
돈블랑 석촌호수점,"육류,고기",3.2,"
서울 송파구 석촌호수로 296 1층
(지번) 송파동 58
",02-423-8400
미엔아이 송파점,중식,4.4,"
서울 송파구 오금로16길 5 1층 101호
(지번) 송파동 55
",02-422-0652
위커파크,카페,3.8,"
서울 송파구 석촌호수로 298 잠실대우레이크월드 103-1호
(지번) 송파동 58-1
",010-2942-0447
피자네버슬립스,피자,4.1,"
서울 송파구 백제고분로45길 6
(지번) 송파동 49-5
",070-8835-5877
에브리데이몬데이,갤러리카페,4.1,"
서울 송파구 송파대로48길 14
(지번) 송파동 9-17
",010-4393-0622
러반로제레스토랑 석촌호수점,양식,3.9,"
서울 송파구 석촌호수로 274 씨엠빌딩 8층
(지번) 송파동 32-7
",070-7778-9471
송리단취향,양식,2.6,"
서울 송파구 백제고분로45길 20 1층
(지번) 송파동 53-10
",010-7574-9244
그리지하우스,"스테이크,립",4.0,"
서울 송파구 백제고분로41길 43-17 1층
(지번) 송파동 8-11
",02-6013-8169
오린지,디저트카페,3.1,"
서울 송파구 송파대로48길 19 1층
(지번) 송파동 30-9
",
빠레뜨한남 석촌호수점,양식,3.8,"
서울 송파구 오금로16길 10 1층
(지번) 송파동 57-11
",02-6407-3417
부부횟집 서울점,회,3.3,"
서울 송파구 오금로18길 4
(지번) 송파동 59-13
",02-415-8881
디저티스트,디저트카페,4.1,"
서울 송파구 송파대로48길 37 호수임광아파트상가 2층
(지번) 송파동 33
",
아웃백스테이크하우스 잠실점,패밀리레스토랑,4.1,"
서울 송파구 송파대로 466
(지번) 송파동 15-1
",02-418-4071
코히루,카페,4.2,"
서울 송파구 오금로 148 2층 202호
(지번) 송파동 48-16
",070-8834-5252
짬뽕지존 송파점,중식,3.3,"
서울 송파구 오금로 152 1층
(지번) 송파동 48-13
",02-422-5161
박복순쭈꾸미,"해물,생선",4.1,"
서울 송파구 백제고분로41길 42-20 1층 101호
(지번) 송파동 30-10
",070-7576-3526
진저베어,디저트카페,3.2,"
서울 송파구 백제고분로41길 43-7 1층
(지번) 송파동 8-10
",
니커버커베이글,"제과,베이커리",3.4,"
서울 송파구 석촌호수로 268 1층 109~112호
(지번) 송파동 32-1
",
다케오호르몬데판야끼 송리단길점,"육류,고기",2.0,"
서울 송파구 백제고분로45길 8 1층
(지번) 송파동 49-11
",070-4468-6654
인딕슬로우 송리단길점,양식,4.4,"
서울 송파구 백제고분로45길 28 벤도치빌딩 2층 201호
(지번) 송파동 55-7
",02-423-0100
스타벅스 석촌호수점,커피전문점,3.8,"
서울 송파구 석촌호수로 262 지상 1, 2층
(지번) 송파동 7-5
",1522-3232
토닭토닭,닭요리,3.3,"
서울 송파구 백제고분로45길 38
(지번) 송파동 57
",02-6925-0206
스시랑랑,"초밥,롤",4.2,"
서울 송파구 오금로 144
(지번) 송파동 59-10
",02-2203-8588
모토쿠라시,일본식주점,4.0,"
서울 송파구 백제고분로41길 27 2층 나무문
(지번) 송파동 11-2
",0507-1318-6327
라이언하트,칵테일바,,"
서울 송파구 석촌호수로 284 현대레이크빌 상가동 지하1층 104호
(지번) 송파동 31-2
",010-2874-9080
대갈곱창&막창 송파점,"곱창,막창",3.2,"
서울 송파구 백제고분로45길 21-1
(지번) 송파동 39-9
",02-425-0892
더빛남,베트남음식,4.5,"
서울 송파구 오금로18길 5 1층
(지번) 송파동 50-9
",0507-1371-2495
스타벅스 송파나루역DT점,커피전문점,3.4,"
서울 송파구 오금로 142
(지번) 송파동 59-9
",1522-3232
도니족발,"족발,보쌈",3.8,"
서울 송파구 백제고분로41길 45 1층
(지번) 송파동 7-12
",02-419-8664
사케쇼프,일본식주점,3.4,"
서울 송파구 오금로16길 12 1층
(지번) 송파동 56-6
",010-8517-0440
메밀집,한식,4.4,"
서울 송파구 백제고분로45길 25 1층
(지번) 송파동 38-3
",02-425-3003
김태완스시 송파본점,"초밥,롤",4.2,"
서울 송파구 오금로 148 1층
(지번) 송파동 48-16
",02-2202-3303
설빙 서울석촌호수동호점,디저트카페,3.0,"
서울 송파구 석촌호수로 278 여흥레이크빌 1층
(지번) 송파동 31-1
",02-3432-7555
서보,태국음식,4.8,"
서울 송파구 오금로18길 5 1층 101호
(지번) 송파동 50-9
",0507-1355-8518
카페페퍼,카페,3.5,"
서울 송파구 백제고분로45길 12 2층
(지번) 송파동 51-10
",02-421-0514
신라샤브칼국수 송파점,샤브샤브,4.5,"
서울 송파구 백제고분로41길 40
(지번) 송파동 29
",02-423-7081
밉,양식,3.6,"
서울 송파구 석촌호수로 272 대림빌딩 1층
(지번) 송파동 32
",02-6407-0560
이월로스터스 송파1호점,카페,3.8,"
서울 송파구 백제고분로45길 14 1층
(지번) 송파동 51-7
",070-8839-1004
앤티크커피 잠실점,카페,3.6,"
서울 송파구 백제고분로41길 21-16 1층
(지번) 송파동 12-6
",
용대리코다리찜,"해물,생선",3.9,"
서울 송파구 백제고분로41길 41 1층
(지번) 송파동 8-3
",02-412-7729
온나,"호프,요리주점",4.4,"
서울 송파구 백제고분로41길 32 평안빌딩 1층
(지번) 송파동 28-14
",02-423-5455
감성채널,분식,3.9,"
서울 송파구 오금로 146
(지번) 송파동 59-11
",02-423-8401
마운틴누크,카페,4.3,"
서울 송파구 백제고분로45길 32 빌드원빌딩 2,3층
(지번) 송파동 56-7
",070-4770-1717
솔솥 송리단길점,한식,4.3,"
서울 송파구 오금로18길 9 1층 102호
(지번) 송파동 50-11
",02-415-1397
보길,일식,4.4,"
서울 송파구 오금로16길 10-8 1층 101호
(지번) 송파동 57-16
",0507-1369-6372
봉땅,디저트카페,4.3,"
서울 송파구 백제고분로41길 42-8 1층
(지번) 송파동 30-5
",010-8821-7769
큰손흑돼지,"육류,고기",4.0,"
서울 송파구 백제고분로45길 10
(지번) 송파동 50
",02-420-5524
랜떡 송파직영점,떡볶이,3.1,"
서울 송파구 백제고분로41길 27-1 1층 1호
(지번) 송파동 12-2
",02-3432-1118
안준수보리밥 잠실본점,한식,3.6,"
서울 송파구 백제고분로41길 43-5
(지번) 송파동 8-2
",
초이다이닝 송파점,일식집,3.3,"
서울 송파구 백제고분로45길 21-1 2층
(지번) 송파동 39-9
",02-6409-2022
맞닿음,오뎅바,3.9,"
서울 송파구 백제고분로45길 34 1층
(지번) 송파동 56-1
",02-417-0560
신양로스터스,카페,4.7,"
서울 송파구 오금로18길 3 1층
(지번) 송파동 48-15
",02-420-3602
차만다 잠실점,양식,4.2,"
서울 송파구 오금로16길 4-15 1층
(지번) 송파동 57-9
",02-422-0812
창화당 석촌호수점,분식,3.9,"
서울 송파구 오금로16길 12 1층
(지번) 송파동 56-6
",070-8811-0908
바이더레이크,"호프,요리주점",3.4,"
서울 송파구 송파대로48길 20 1층
(지번) 송파동 29-12
",02-420-2912
마타,일본식주점,4.2,"
서울 송파구 백제고분로45길 25 1층
(지번) 송파동 38-3
",010-8528-1068
세컨디포레스트 송리단길점,양식,4.6,"
서울 송파구 백제고분로45길 6 1층
(지번) 송파동 49-5
",02-413-6945
젤라떼리아도도,아이스크림,4.2,"
서울 송파구 백제고분로41길 21-24 1층
(지번) 송파동 12-5
",02-421-8497
석촌호민물장어,장어,3.9,"
서울 송파구 석촌호수로 290
(지번) 송파동 58-18
",02-422-6050
72420 송파직영점,베트남음식,3.7,"
서울 송파구 백제고분로45길 12
(지번) 송파동 51-10
",02-417-2420
광화문갈비 석촌호수점,갈비,3.3,"
서울 송파구 석촌호수로 296 6층
(지번) 송파동 58
",02-423-3315
요찌무,일본식라면,4.4,"
서울 송파구 백제고분로45길 23-5 1층 102호
(지번) 송파동 39-19
",0507-1349-3255
BBQ 빌리지점,치킨,2.8,"
서울 송파구 석촌호수로 284 현대레이크빌 1층 102~108호
(지번) 송파동 31-2
",02-2203-8292
하얼빈 양갈비&양꼬치,양꼬치,4.4,"
서울 송파구 백제고분로41길 39
(지번) 송파동 9-9
",02-2202-1688
슈야,디저트카페,4.5,"
서울 송파구 백제고분로45길 23 1층
(지번) 송파동 39-3
",02-6953-9971
사브레,와인바,3.7,"
서울 송파구 송파대로46길 28 2층
(지번) 송파동 27-3
",070-7628-2828
셔터54,칵테일바,4.7,"
서울 송파구 백제고분로45길 22-1 1층
(지번) 송파동 54-13
",02-2203-2294
알라보 석촌호수점,샐러드,4.2,"
서울 송파구 백제고분로45길 32 빌드원빌딩 1층 102호
(지번) 송파동 56-7
",02-423-0939
리프커피바,카페,4.0,"
서울 송파구 백제고분로43길 24 R&BHaus 1층 101호
(지번) 송파동 39-15
",02-6205-5886
웰하우스,커피전문점,4.3,"
서울 송파구 오금로16길 10 2층
(지번) 송파동 57-11
",010-2662-1816
평화집,"해물,생선",3.9,"
서울 송파구 백제고분로41길 27 1층 103,104호
(지번) 송파동 11-2
",
케키하우스,카페,3.9,"
서울 송파구 백제고분로41길 35 2층
(지번) 송파동 10-1
",
라코즈,양식,4.3,"
서울 송파구 백제고분로45길 40 2층
(지번) 송파동 58-15
",02-423-7846
구대륙,와인바,4.4,"
서울 송파구 오금로16길 9-1 1, 지하 1층
(지번) 송파동 55-5
",
카페시나몬,커피전문점,,"
서울 송파구 석촌호수로 258 아르누보팰리스 101호 카페시나몬
(지번) 송파동 7-1
",02-6485-8809
천향마라탕 잠실점,중국요리,3.3,"
서울 송파구 오금로18길 12 1층
(지번) 송파동 51-8
",
아우네철판삼겹,"육류,고기",3.4,"
서울 송파구 백제고분로41길 24-1 1층
(지번) 송파동 26-7
",02-424-2229
소요리,일식,3.8,"
서울 송파구 백제고분로41길 33 1층 102호
(지번) 송파동 10-7
",
맥주유소 석촌호수본점,"호프,요리주점",2.5,"
서울 송파구 백제고분로41길 42-8
(지번) 송파동 30-3
",02-2202-5545
슬로우캘리 송리단점,양식,4.0,"
서울 송파구 오금로 126 레이크해모로 1층
(지번) 송파동 58-4
",02-422-2074
써브웨이 석촌호수점,샌드위치,4.2,"
서울 송파구 석촌호수로 298 잠실대우레이크월드 101호
(지번) 송파동 58-1
",02-424-0020
그림제작소,테마카페,4.9,"
서울 송파구 석촌호수로 290 성우빌딩 3층 301호
(지번) 송파동 58-18
",070-8846-0082
승일참치 송파점,참치회,3.3,"
서울 송파구 석촌호수로 290
(지번) 송파동 58-18
",02-2203-3044
우프,"제과,베이커리",4.8,"
서울 송파구 백제고분로41길 25 1층 102호
(지번) 송파동 12-3
",
카페코너574,카페,,"
서울 송파구 오금로16길 10-12 잠실레이크 1층 101호
(지번) 송파동 57-4
",02-418-1991
제시스피자,피자,4.3,"
서울 송파구 백제고분로41길 26 1층 103호
(지번) 송파동 26
",070-8780-5552
정양집 송리단길점,"육류,고기",4.2,"
서울 송파구 백제고분로41길 43-11 1층
(지번) 송파동 8-8
",02-418-6945
야들리애치킨 석촌호수점,치킨,4.3,"
서울 송파구 석촌호수로 262 1층
(지번) 송파동 7-4
",02-419-9999
꾸아 송파점,베트남음식,3.3,"
서울 송파구 백제고분로45길 22-1 2층
(지번) 송파동 54-13
",
광화문등심 석촌호수점,"육류,고기",2.9,"
서울 송파구 석촌호수로 296 대성빌딩 5층
(지번) 송파동 58
",02-423-3314
금금 송리단길점,한식,4.0,"
서울 송파구 백제고분로41길 38 1층
(지번) 송파동 29-6
",
또올래곱창,"곱창,막창",2.6,"
서울 송파구 백제고분로45길 36 1층 1호
(지번) 송파동 57-6
",02-423-5692
어니커피,커피전문점,4.5,"
서울 송파구 송파대로48길 5-1
(지번) 송파동 8-6
",
앨리나인,와인바,4.7,"
서울 송파구 송파대로48길 19 1층
(지번) 송파동 30-9
",02-418-0623
카페다반,카페,4.4,"
서울 송파구 백제고분로45길 26 지하1층
(지번) 송파동 55-11
",02-419-6859
미도인 송리단길,양식,4.1,"
서울 송파구 백제고분로45길 29 2층 201호
(지번) 송파동 37-2
",02-415-2502
팔각동,일식집,3.8,"
서울 송파구 송파대로48길 7 세영빌딩 1층 104호
(지번) 송파동 8-13
",02-415-8884
불타니한우,"육류,고기",4.1,"
서울 송파구 오금로 126
(지번) 송파동 58-4
",02-2202-0322
방콕언니,태국음식,4.5,"
서울 송파구 송파대로48길 7 1층
(지번) 송파동 8-13
",02-416-0566
육장정,국밥,4.5,"
서울 송파구 오금로16길 9-1 1층
(지번) 송파동 55-5
",
메가MGC커피 석촌호수사거리점,커피전문점,3.8,"
서울 송파구 송파대로 474 1층
(지번) 송파동 7-7
",02-425-0656
키키네케이크,"제과,베이커리",4.5,"
서울 송파구 오금로 130 4층
(지번) 송파동 58-7
",
고동함박 송리단길점,양식,4.1,"
서울 송파구 백제고분로41길 36-6 1층
(지번) 송파동 28-15
",
투썸플레이스 송파나루역점,커피전문점,3.1,"
서울 송파구 오금로 154 한라빌딩 1층
(지번) 송파동 48-11
",02-6925-2113
SAVVY,카페,4.2,"
서울 송파구 백제고분로41길 35-24 1층
(지번) 송파동 9-3
",010-9294-2512
숨쉴틈,"호프,요리주점",4.8,"
서울 송파구 백제고분로45길 12
(지번) 송파동 51-10
",
천하일미강정치킨,치킨,4.8,"
서울 송파구 오금로 146 1층 1-1호
(지번) 송파동 59-11
",02-422-1554
요미우돈교자 송리단길점,일식,3.4,"
서울 송파구 백제고분로45길 12 1층
(지번) 송파동 51-10
",
남한강다슬기해장국,해장국,3.4,"
서울 송파구 오금로 144
(지번) 송파동 59-10
",02-417-2786
포케올데이 잠실점,샐러드,4.5,"
서울 송파구 백제고분로 425 2층 202호
(지번) 송파동 48-19
",02-424-2004
도이티,중식,4.9,"
서울 송파구 백제고분로45길 14-18 1층 101호
(지번) 송파동 51
",070-8230-8175
연주방 송리단길점,"호프,요리주점",5.0,"
서울 송파구 백제고분로45길 22-17 2층
(지번) 송파동 54-1
",
모타운 서울,카페,,"
서울 송파구 백제고분로45길 34-6 1층
(지번) 송파동 56
",02-419-1222
카페마달,카페,3.0,"
서울 송파구 백제고분로45길 23-5 1층
(지번) 송파동 39-19
",070-4123-0420
긴자료코 석촌호수점,"돈까스,우동",4.1,"
서울 송파구 백제고분로41길 33 1층 101호
(지번) 송파동 10-7
",02-420-5155
블루웨일,카페,4.3,"
서울 송파구 백제고분로41길 30 윤창빌딩 1층
(지번) 송파동 27-12
",02-2203-2006
벌스데이,아이스크림,5.0,"
서울 송파구 백제고분로45길 4-21 1층
(지번) 송파동 49-3
",070-8240-0992
구스따레 일 젤라또,아이스크림,3.9,"
서울 송파구 송파대로48길 37 1층
(지번) 송파동 33
",02-425-2511
우마담호수,"육류,고기",3.7,"
서울 송파구 백제고분로41길 43-9 1층
(지번) 송파동 8-9
",070-4184-4998
종로빈대떡 석촌점,한식,4.3,"
서울 송파구 백제고분로41길 31 1층
(지번) 송파동 11-1
",02-424-6354
스시이안앤 송리단길점,"초밥,롤",4.3,"
서울 송파구 석촌호수로 290 2층 201호
(지번) 송파동 58-18
",02-417-8640
바렌나 에스프레소 바,카페,3.3,"
서울 송파구 백제고분로 435
(지번) 송파동 48-7
",
도쿠센 송파점,"육류,고기",3.8,"
서울 송파구 오금로16길 5 1층 102호
(지번) 송파동 55
",02-422-5494
깊은맛남원추어탕,추어,3.8,"
서울 송파구 백제고분로41길 41 1층
(지번) 송파동 8-3
",
맨프롬오키나와 송파,칵테일바,4.3,"
서울 송파구 백제고분로45길 24-18 2층 201호
(지번) 송파동 54
",010-8519-0440
세련,카페,2.8,"
서울 송파구 백제고분로45길 8-1 1층
(지번) 송파동 50-8
",
평화김해뒷고기 석촌호수점,"육류,고기",3.8,"
서울 송파구 백제고분로41길 40 부영빌딩 1층
(지번) 송파동 29
",02-423-0355
야심작,"호프,요리주점",3.5,"
서울 송파구 오금로18길 4 I.D.C빌딩 2층
(지번) 송파동 59-13
",070-8287-1804
소마드로잉카페 송리단길점,테마카페,5.0,"
서울 송파구 오금로16길 10 목연빌딩 지하 1층
(지번) 송파동 57-11
",02-421-4244
오터,디저트카페,4.4,"
서울 송파구 송파대로 458 해광빌딩 1층 103호
(지번) 송파동 15-3
",010-3596-6920
큰손칼국수,칼국수,4.0,"
서울 송파구 백제고분로41길 21-24 1층 102호
(지번) 송파동 12-5
",02-419-9954
질할브로스 송파점,양식,4.1,"
서울 송파구 백제고분로45길 25 1층
(지번) 송파동 38-3
",02-423-1422
폼커피,카페,4.5,"
서울 송파구 석촌호수로 258 1층 102호
(지번) 송파동 7-1
",02-6287-6287
파파존스 송파구청점,피자,2.5,"
서울 송파구 석촌호수로 298
(지번) 송파동 58-1
",02-412-1472
이디야커피 석촌역점,커피전문점,2.3,"
서울 송파구 송파대로 456
(지번) 송파동 15-4
",02-424-0247
커피공작소,커피전문점,4.9,"
서울 송파구 백제고분로41길 42-16
(지번) 송파동 30-6
",
그곁,한식,4.8,"
서울 송파구 오금로18길 14 1층
(지번) 송파동 51-9
",02-417-8666
그릭앤,디저트카페,4.3,"
서울 송파구 오금로16길 12 1층 102호
(지번) 송파동 56-6
",070-8282-4724
수작소한마리떡볶이,떡볶이,5.0,"
서울 송파구 오금로18길 6 1층 104호
(지번) 송파동 51-2
",02-422-3539
마이서울바이츠,카페,,"
서울 송파구 석촌호수로 258 잠실아르누보팰리스 1층
(지번) 송파동 7-1
",02-2202-0709
타임투칠,와인바,4.2,"
서울 송파구 백제고분로45길 24-18 1층
(지번) 송파동 54
",
테이블하나,양식,4.7,"
서울 송파구 백제고분로45길 14-18 1층
(지번) 송파동 51
",02-422-4580
란슬롯,술집,4.0,"
서울 송파구 오금로16길 10-6
(지번) 송파동 57-3
",
류센소 송리단길점,일본식라면,4.5,"
서울 송파구 오금로16길 10-8 1층 102호
(지번) 송파동 57-16
",02-420-8880
테미즈,디저트카페,4.5,"
서울 송파구 백제고분로45길 38-9 1층 101호
(지번) 송파동 58-14
",070-7677-2211
샐러디치 오도씨 송파본점,샐러드,4.7,"
서울 송파구 송파대로48길 7 1층
(지번) 송파동 8-13
",02-421-5556
레브어,양식,4.4,"
서울 송파구 백제고분로45길 6 1층
(지번) 송파동 49-5
",070-7547-9784
빠아빠,카페,3.6,"
서울 송파구 백제고분로45길 20 1층
(지번) 송파동 53-10
",
무슈오,카페,4.4,"
서울 송파구 백제고분로 425 1층
(지번) 송파동 48
",
레드감바스,양식,4.2,"
서울 송파구 백제고분로41길 26 1층 102호
(지번) 송파동 26
",02-424-4200
모르텐 앤 닐스 버터하우스,디저트카페,3.6,"
서울 송파구 백제고분로41길 39 1층 101호
(지번) 송파동 9-9
",
에낭 잠실점,"제과,베이커리",4.6,"
서울 송파구 오금로18길 14 1층
(지번) 송파동 51-9
",
거기활어회,회,4.0,"
서울 송파구 백제고분로45길 14
(지번) 송파동 51-7
",02-415-3090
코르크서울 레코드바,와인바,4.5,"
서울 송파구 백제고분로45길 22 201호
(지번) 송파동 53-9
",070-4067-2448
케이쿠키,"제과,베이커리",3.8,"
서울 송파구 백제고분로45길 31 1층
(지번) 송파동 37-11
",
모녀다방,커피전문점,4.8,"
서울 송파구 백제고분로41길 40
(지번) 송파동 29
",02-419-2191
맛있는집기사식당,한식,4.8,"
서울 송파구 오금로 146 1층
(지번) 송파동 59-11
",02-419-8483
오프트 송파점,떡볶이,4.4,"
서울 송파구 백제고분로41길 36 2층
(지번) 송파동 28
",
투팔스(2pals),"육류,고기",3.3,"
서울 송파구 백제고분로41길 36 1층
(지번) 송파동 28
",
파스티,와인바,4.9,"
서울 송파구 백제고분로45길 22-1 1층 104호
(지번) 송파동 54-13
",
가온사주앤타로,사주카페,4.3,"
서울 송파구 백제고분로45길 16 1층 102호
(지번) 송파동 52-17
",010-2836-2011
니드스윗 송파,디저트카페,3.9,"
서울 송파구 백제고분로45길 22-1
(지번) 송파동 54-13
",
가시리,한식,3.0,"
서울 송파구 백제고분로45길 38-16
(지번) 송파동 57-8
",02-419-6641
솔트,양식,4.2,"
서울 송파구 백제고분로45길 30 102호
(지번) 송파동 56-2
",070-7633-0373
올더웨이,햄버거,4.7,"
서울 송파구 백제고분로41길 25 1층 101호
(지번) 송파동 12-3
",070-7755-9211
치유의과정,테마카페,3.0,"
서울 송파구 백제고분로45길 21-1 지하1층
(지번) 송파동 39-9
",
빠레트한남 석촌호수점,양식,2.0,"
서울 송파구 오금로16길 10 1층
(지번) 송파동 57-11
",
망원동티라미수 송리단길점,디저트카페,3.1,"
서울 송파구 백제고분로45길 22 1층 102호
(지번) 송파동 53-9
",02-2202-1162
트레져,칵테일바,4.5,"
서울 송파구 백제고분로 425 2층 201호
(지번) 송파동 48-19
",010-2898-4819
가배유정,카페,5.0,"
서울 송파구 오금로18길 8 1층 101호
(지번) 송파동 51-3
",02-6409-6497
포청천,중국요리,3.7,"
서울 송파구 백제고분로41길 43-15
(지번) 송파동 8-1
",02-3432-5582
도토리편백집 석촌호수점,"육류,고기",5.0,"
서울 송파구 백제고분로45길 38
(지번) 송파동 57
",02-415-7888
싼횟집,회,2.0,"
서울 송파구 송파대로 458
(지번) 송파동 15-3
",02-423-8139
이오로 비스트로 송파점,일식집,4.7,"
서울 송파구 오금로16길 10-6 1층
(지번) 송파동 57-3
",02-424-0702
한솥도시락 잠실석촌호수점,도시락,2.6,"
서울 송파구 송파대로 456
(지번) 송파동 15-4
",02-3432-8100
앙과,디저트카페,4.6,"
서울 송파구 오금로18길 10
(지번) 송파동 51-4
",02-6013-1568
커피랑도서관 송파나루역점,북카페,3.0,"
서울 송파구 오금로 154 한라빌딩 1동 4층 1호
(지번) 송파동 48-11
",070-4123-1140
원디아더,카페,4.3,"
서울 송파구 오금로16길 16 1,2층
(지번) 송파동 37-4
",070-8818-2022
고래사냥포차,실내포장마차,4.7,"
서울 송파구 백제고분로41길 26 1층 101호
(지번) 송파동 26
",
을지로골뱅이,한식,3.7,"
서울 송파구 백제고분로41길 28
(지번) 송파동 27-8
",02-5566-8585
목금,양식,4.0,"
서울 송파구 오금로18길 10 1층 103호
(지번) 송파동 51-4
",010-6301-0990
나아만 족욕카페,테마카페,5.0,"
서울 송파구 백제고분로45길 30 3층 302호
(지번) 송파동 56-2
",070-4001-1440
매끼야,일본식주점,4.0,"
서울 송파구 오금로18길 6 1층 106호
(지번) 송파동 51-2
",02-6465-0812
카페스미냑,카페,3.5,"
서울 송파구 백제고분로45길 14-18
(지번) 송파동 51
",
프랭크커핀바 잠실점,카페,4.2,"
서울 송파구 백제고분로45길 6 2층 201호
(지번) 송파동 49-5
",0507-1444-1677
사운드브라버스,칵테일바,5.0,"
서울 송파구 오금로18길 10 지하1층
(지번) 송파동 51-4
",010-6669-5499
우양돈 송리단길점,"육류,고기",0.0,"
서울 송파구 백제고분로45길 32 1층
(지번) 송파동 56-7
",
치킨89 석촌점,치킨,4.8,"
서울 송파구 송파대로 458 1층
(지번) 송파동 15-3
",
가은사주앤타로,사주카페,3.5,"
서울 송파구 백제고분로45길 31 용진빌딩 1층
(지번) 송파동 37-11
",010-7516-7131
쏘머sommer,"제과,베이커리",4.7,"
서울 송파구 오금로18길 12 2층
(지번) 송파동 51-8
",010-9829-0041
비처럼와인처럼 동호점,와인바,2.2,"
서울 송파구 백제고분로45길 40 1층
(지번) 송파동 58-15
",
성가백암순대,순대,2.5,"
서울 송파구 백제고분로41길 42-11
(지번) 송파동 32-3
",
호이지아,중식,5.0,"
서울 송파구 백제고분로45길 23 1층 105호
(지번) 송파동 39-3
",070-8872-5552
11-1 OCIC,카페,3.9,"
서울 송파구 백제고분로41길 31 2층 202호
(지번) 송파동 11-1
",010-8004-8421
64김만두,분식,5.0,"
서울 송파구 송파대로 456 103호
(지번) 송파동 15-4
",02-423-2780
인플런스,카페,5.0,"
서울 송파구 백제고분로45길 31 용진빌딩 지하1층
(지번) 송파동 37-11
",010-7577-3417
장어왕국,장어,0.0,"
서울 송파구 송파대로 468
(지번) 송파동 15
",02-417-5535
킹찌개찌개,"찌개,전골",4.0,"
서울 송파구 백제고분로45길 27 1층
(지번) 송파동 38
",
백워리,디저트카페,5.0,"
서울 송파구 백제고분로45길 4-14 1층
(지번) 송파동 48-6
",
플랫어스,"호프,요리주점",4.0,"
서울 송파구 백제고분로45길 32
(지번) 송파동 56-7
",
비정제,카페,5.0,"
서울 송파구 오금로18길 9 지하1층
(지번) 송파동 50-11
",070-8699-5357
이태리상회 석촌호수점,이탈리안,4.2,"
서울 송파구 오금로16길 10-8 1층 101호
(지번) 송파동 57-16
",02-420-8616
안나앤토르테,"제과,베이커리",1.0,"
서울 송파구 백제고분로45길 22 3층
(지번) 송파동 53-9
",
사케쇼프 2호점,일식집,0.0,"
서울 송파구 백제고분로45길 24-18 1층 101호
(지번) 송파동 54
",
어니테이블,양식,4.5,"
서울 송파구 오금로 126 레이크해모로 1층
(지번) 송파동 58-4
",
어피셔나도,카페,4.3,"
서울 송파구 오금로18길 6 1층 102호
(지번) 송파동 51-2
",
우리밥상,수제비,0.0,"
서울 송파구 백제고분로41길 24-1
(지번) 송파동 26-7
",02-416-9988
순대국집,순대,0.0,"
서울 송파구 백제고분로41길 21-24
(지번) 송파동 12-5
",
문화촌고깃집,"육류,고기",0.0,"
서울 송파구 백제고분로41길 26 1층 101호
(지번) 송파동 26
",
어소반,한식,5.0,"
서울 송파구 백제고분로41길 41
(지번) 송파동 8-3
",
필터,술집,0.0,"
서울 송파구 오금로18길 9 지하층 101호
(지번) 송파동 50-11
",070-4009-2660
장어왕국,장어,0.0,"
서울 송파구 송파대로 468
(지번) 송파동 15
",02-417-5535
킹찌개찌개,"찌개,전골",4.0,"
서울 송파구 백제고분로45길 27 1층
(지번) 송파동 38
",
백워리,디저트카페,5.0,"
서울 송파구 백제고분로45길 4-14 1층
(지번) 송파동 48-6
",
플랫어스,"호프,요리주점",4.0,"
서울 송파구 백제고분로45길 32
(지번) 송파동 56-7
",
비정제,카페,5.0,"
서울 송파구 오금로18길 9 지하1층
(지번) 송파동 50-11
",070-8699-5357
이태리상회 석촌호수점,이탈리안,4.2,"
서울 송파구 오금로16길 10-8 1층 101호
(지번) 송파동 57-16
",02-420-8616
안나앤토르테,"제과,베이커리",1.0,"
서울 송파구 백제고분로45길 22 3층
(지번) 송파동 53-9
",
사케쇼프 2호점,일식집,0.0,"
서울 송파구 백제고분로45길 24-18 1층 101호
(지번) 송파동 54
",
어니테이블,양식,4.5,"
서울 송파구 오금로 126 레이크해모로 1층
(지번) 송파동 58-4
",
어피셔나도,카페,4.3,"
서울 송파구 오금로18길 6 1층 102호
(지번) 송파동 51-2
",
우리밥상,수제비,0.0,"
서울 송파구 백제고분로41길 24-1
(지번) 송파동 26-7
",02-416-9988
순대국집,순대,0.0,"
서울 송파구 백제고분로41길 21-24
(지번) 송파동 12-5
",
문화촌고깃집,"육류,고기",0.0,"
서울 송파구 백제고분로41길 26 1층 101호
(지번) 송파동 26
",
어소반,한식,5.0,"
서울 송파구 백제고분로41길 41
(지번) 송파동 8-3
",
필터,술집,0.0,"
서울 송파구 오금로18길 9 지하층 101호
(지번) 송파동 50-11
",070-4009-2660
완도맛집,"해물,생선",3.5,"
서울 송파구 오금로18길 6
(지번) 송파동 51-2
",02-416-8701
전라도집,한식,2.5,"
서울 송파구 오금로18길 3
(지번) 송파동 48-15
",02-417-2724
VGG,카페,5.0,"
서울 송파구 석촌호수로 290 3층 303호
(지번) 송파동 58-18
",010-7567-5432
한돈,"육류,고기",0.0,"
서울 송파구 백제고분로45길 6
(지번) 송파동 49-5
",02-423-8032
왕십리벌통곱창 송파점,"곱창,막창",0.0,"
서울 송파구 백제고분로41길 27
(지번) 송파동 11-2
",02-418-1997
빨간감바스,양식,3.4,"
서울 송파구 백제고분로41길 26 1층 102호
(지번) 송파동 26
",
미진메밀,한식,0.0,"
서울 송파구 백제고분로41길 36
(지번) 송파동 28
",
버터마켓,디저트카페,5.0,"
서울 송파구 오금로16길 12 1층 카페
(지번) 송파동 56-6
",02-6465-3331
널드커피,카페,5.0,"
서울 송파구 백제고분로45길 30 2층
(지번) 송파동 56-2
",
한꼬막 두꼬막 포차,한식,0.0,"
서울 송파구 백제고분로45길 30
(지번) 송파동 56-2
",02-2202-2046
호수혼참치,참치회,0.0,"
서울 송파구 백제고분로45길 40 1층
(지번) 송파동 58-15
",02-2203-8550
미미램양꼬치 잠실점,중식,0.0,"
서울 송파구 백제고분로41길 45
(지번) 송파동 7-12
",02-418-8608
태백산맥,한정식,0.0,"
서울 송파구 백제고분로41길 45
(지번) 송파동 7-12
",
바빌론,카페,0.0,"
서울 송파구 백제고분로45길 38-12
(지번) 송파동 57-1
",02-412-8798
롱브르378,카페,4.2,"
서울 송파구 오금로16길 4-15
(지번) 송파동 57-9
",
더휴,한정식,0.0,"
서울 송파구 백제고분로41길 27
(지번) 송파동 11-2
",02-3432-8874
카페베이트,카페,0.0,"
서울 송파구 백제고분로45길 22-17
(지번) 송파동 54-1
",
송리단왕돌구이,"육류,고기",0.0,"
서울 송파구 백제고분로41길 41 1층
(지번) 송파동 8-3
",
스시사루,일식집,0.0,"
서울 송파구 백제고분로41길 27
(지번) 송파동 11-2
",02-414-6037
육회만난연어,"호프,요리주점",0.0,"
서울 송파구 백제고분로41길 26 1층 101호
(지번) 송파동 26
",
올레곱창,"곱창,막창",0.0,"
서울 송파구 백제고분로45길 36 1층
(지번) 송파동 57-6
",
유미카츠 잠실점,일식,5.0,"
서울 송파구 송파대로48길 19
(지번) 송파동 30-7
",02-421-3330
크레올레,아이스크림,5.0,"
서울 송파구 백제고분로45길 40 트윈레이크팰리스빌 A동 1층 101호
(지번) 송파동 58-15
",
와이씨에프엔비,커피전문점,0.0,"
서울 송파구 백제고분로41길 30
(지번) 송파동 27-12
",
왕노가리와호프,"호프,요리주점",0.0,"
서울 송파구 백제고분로45길 22-1
(지번) 송파동 54-13
",02-2203-2294
오이라,와인바,4.5,"
서울 송파구 오금로16길 10-8 1층 101호
(지번) 송파동 57-16
",
레이크N펍,"호프,요리주점",0.0,"
서울 송파구 백제고분로45길 38
(지번) 송파동 57
",
카페성상,카페,3.6,"
서울 송파구 송파대로48길 5 1층
(지번) 송파동 8-5
",010-6418-3989
구븜고기,"육류,고기",5.0,"
서울 송파구 백제고분로45길 4-21 1층 102호
(지번) 송파동 49-3
",010-6493-4455
savor,칵테일바,0.0,"
서울 송파구 백제고분로41길 41
(지번) 송파동 8-3
",
나를위한 사주 타로,사주카페,0.0,"
서울 송파구 백제고분로45길 25 1층
(지번) 송파동 38-3
",
을지로골목대장 송리단길점,퓨전일식,0.0,"
서울 송파구 백제고분로45길 8
(지번) 송파동 49-11
",02-4468-6654
성내식당,한식,0.0,"
서울 송파구 오금로 144
(지번) 송파동 59-10
",
NZ스토리,샌드위치,0.0,"
서울 송파구 석촌호수로 268
(지번) 송파동 32-1
",
옛촌,한식,0.0,"
서울 송파구 백제고분로41길 35-24
(지번) 송파동 9-3
",02-2203-7719
도프앙 dauphin,디저트카페,5.0,"
서울 송파구 오금로18길 5 1층 105호
(지번) 송파동 50-9
",010-3305-5095
오죠,중식,0.0,"
서울 송파구 백제고분로41길 42-20
(지번) 송파동 30-10
",02-417-6678
순,"족발,보쌈",0.0,"
서울 송파구 백제고분로45길 28
(지번) 송파동 55-7
",02-422-7002
미가도시락 잠실점,도시락,0.0,"
서울 송파구 백제고분로45길 23
(지번) 송파동 39-3
",02-2202-9945
크흐,양식,0.0,"
서울 송파구 백제고분로41길 36-6
(지번) 송파동 28-15
",070-8888-4125
행당족발 송파점,"족발,보쌈",0.0,"
서울 송파구 백제고분로41길 45 1층
(지번) 송파동 7-12
",02-420-7733
빠에지노,와인바,5.0,"
서울 송파구 백제고분로41길 30
(지번) 송파동 27-12
",
모멘토컴퍼니,양식,0.0,"
서울 송파구 백제고분로41길 39
(지번) 송파동 9-9
",02-422-8588
스테이,칵테일바,0.0,"
서울 송파구 오금로18길 12 3층
(지번) 송파동 51-8
",
데일리브라운,카페,0.0,"
서울 송파구 오금로 146
(지번) 송파동 59-11
",
케이투수산,회,0.0,"
서울 송파구 석촌호수로 284
(지번) 송파동 31-2
",
한마당족발보쌈,"족발,보쌈",0.0,"
서울 송파구 백제고분로41길 39
(지번) 송파동 9-9
",
에버스톤,카페,0.0,"
서울 송파구 백제고분로 425 1층
(지번) 송파동 48
",
크레블리디,카페,0.0,"
서울 송파구 백제고분로45길 4-21 지하
(지번) 송파동 49-3
",
마르시스,양식,5.0,"
서울 송파구 오금로16길 10-6
(지번) 송파동 57-3
",
홀리데이,카페,0.0,"
서울 송파구 백제고분로 431
(지번) 송파동 48-4
",
더에스프레소룸,카페,0.0,"
서울 송파구 백제고분로41길 27
(지번) 송파동 11-2
",070-4809-6090
볏집향양꼬치,양꼬치,0.0,"
서울 송파구 백제고분로41길 39
(지번) 송파동 9-9
",02-2202-1688
아워레어,양식,0.0,"
서울 송파구 오금로 126
(지번) 송파동 58-4
",
디키친,양식,0.0,"
서울 송파구 백제고분로45길 30
(지번) 송파동 56-2
",070-4465-8278
하우디,커피전문점,0.0,"
서울 송파구 백제고분로45길 30
(지번) 송파동 56-2
",
메밀서리,한식,0.0,"
서울 송파구 백제고분로41길 43-21
(지번) 송파1동 8
",
보이인더케이브,카페,0.0,"
서울 송파구 백제고분로45길 22 지하1층
(지번) 송파동 53-9
",
국민바베큐,술집,0.0,"
서울 송파구 송파대로 456 1층
(지번) 송파동 15-4
",
스타라인,카페,0.0,"
서울 송파구 석촌호수로 298
(지번) 송파동 58-1
",02-461-5559
하우스오브브라운,술집,0.0,"
서울 송파구 오금로16길 10-6 지하1층
(지번) 송파동 57-3
",
신호미닭발,닭요리,0.0,"
서울 송파구 송파대로 458
(지번) 송파1동 15-3
",
우무드,카페,0.0,"
서울 송파구 오금로 126
(지번) 송파동 58-4
",
도티 방이동점,카페,0.0,"
서울 송파구 오금로 146
(지번) 송파동 59-11
",02-408-3625
ESPRITCOFFEE 송파점,카페,0.0,"
서울 송파구 석촌호수로 298
(지번) 송파동 58-1
",02-420-9114
호반,분식,0.0,"
서울 송파구 백제고분로45길 38
(지번) 송파동 57
",
하우모찌,카페,5.0,"
서울 송파구 오금로18길 12
(지번) 송파동 51-8
",02-424-8141
락 로즈,한식,0.0,"
서울 송파구 석촌호수로 290
(지번) 송파동 58-18
",
셔터,술집,0.0,"
서울 송파구 백제고분로45길 22-1
(지번) 송파동 54-13
",
todayrice,한식,0.0,"
서울 송파구 백제고분로41길 42-11
(지번) 송파동 32-3
",
왕갈비,한식,0.0,"
서울 송파구 백제고분로41길 30
(지번) 송파동 27-12
",02-416-9487
토종한우촌,"육류,고기",0.0,"
서울 송파구 백제고분로41길 30
(지번) 송파동 27-12
",
CorkSeoul,술집,0.0,"
서울 송파구 백제고분로45길 22
(지번) 송파동 53-9
",
올드퍼피,양식,0.0,"
서울 송파구 백제고분로45길 40
(지번) 송파동 58-15
",02-5236-9554
오레노라멘 송파점,일본식라면,4.4,"
서울 송파구 백제고분로45길 17-3 1층 102호
(지번) 송파동 42-6
",
Ellie,양식,0.0,"
서울 송파구 백제고분로41길 43-21
(지번) 송파동 8
",02-422-1210
와인시스터즈,와인바,0.0,"
서울 송파구 오금로 136
(지번) 송파동 59-8
",02-422-0616
진지아,중국요리,4.2,"
서울 송파구 백제고분로41길 12-9 1,2층
(지번) 송파동 23-10
",02-418-5354
다운타우너 잠실,햄버거,4.0,"
서울 송파구 백제고분로45길 3 1층
(지번) 송파동 46-4
",070-8868-3696
동경산책 석촌호수점,일식,3.6,"
서울 송파구 백제고분로45길 15 1층
(지번) 송파동 42
",02-421-6066
단디 송리단길본점,일식,3.9,"
서울 송파구 백제고분로45길 7 1층 1호
(지번) 송파동 45-5
",02-412-5335
뷰클런즈,카페,4.1,"
서울 송파구 백제고분로43길 10 1층
(지번) 송파동 45-18
",070-4065-4860
오복수산 잠실점,일식,3.5,"
서울 송파구 백제고분로45길 17-3 1층
(지번) 송파동 42-6
",02-420-9955
노가리슈퍼 송리단길점,"호프,요리주점",,"
서울 송파구 백제고분로45길 5 1층
(지번) 송파동 46
",02-747-1201
팻어케이크,디저트카페,,"
서울 송파구 백제고분로45길 9 2층
(지번) 송파동 45-4
",02-123-1234
피자덕후 피자힙 잠실송리단길점,피자,4.7,"
서울 송파구 백제고분로45길 21-9
(지번) 송파동 40-13
",
골드참치 잠실점,참치회,3.5,"
서울 송파구 오금로 125 유미빌딩 2층
(지번) 방이동 109-11
",02-422-7747
온량,이탈리안,,"
서울 송파구 백제고분로43길 4 은혜빌딩 1층
(지번) 송파동 47
",02-422-3642
카페온화 송파점,카페,2.9,"
서울 송파구 백제고분로45길 15 2층
(지번) 송파동 42
",
내고향횡성 한우정육점식당,"육류,고기",2.8,"
서울 송파구 오금로 113
(지번) 방이동 66-3
",02-415-8080
야끼소바 니주마루,일식,4.1,"
서울 송파구 백제고분로41길 21 1층
(지번) 송파동 13-18
",070-7819-0012
아낙네그루브,"호프,요리주점",3.1,"
서울 송파구 백제고분로45길 15 5층
(지번) 송파동 42
",
노티드 잠실,디저트카페,3.6,"
서울 송파구 백제고분로45길 3 2층 201호
(지번) 송파동 46-4
",070-8836-9377
개나리아구찜 송파본점,한식,4.2,"
서울 송파구 오금로15길 7-8 1층
(지번) 방이동 68-5
",02-423-0060
베이커온도,"제과,베이커리",4.3,"
서울 송파구 백제고분로45길 17 103호
(지번) 송파동 42-1
",070-4151-4986
모터시티바이매니멀 잠실점,양식,3.7,"
서울 송파구 백제고분로45길 17-3 2층
(지번) 송파동 42-6
",02-424-2323
중화일상,중국요리,4.1,"
서울 송파구 백제고분로 401 골재회관 1층
(지번) 송파동 20-6
",02-422-5566
오마카세 오사이초밥 잠실송리단길점,"초밥,롤",3.8,"
서울 송파구 백제고분로45길 17-3 3층
(지번) 송파동 42
",02-423-5422
아도겐 송파점,일본식주점,2.3,"
서울 송파구 백제고분로45길 21 1층
(지번) 송파동 40
",02-425-0106
프레스커피,커피전문점,3.2,"
서울 송파구 백제고분로45길 17-3 4층
(지번) 송파동 42-6
",
르빵 송파본점,"제과,베이커리",2.8,"
서울 송파구 백제고분로41길 12 101호
(지번) 송파동 22
",02-420-7004
커피렉 송파점,카페,4.0,"
서울 송파구 백제고분로45길 19 1층
(지번) 송파동 40-4
",02-415-3254
청기와타운 잠실점,한식,3.0,"
서울 송파구 오금로 125 1층
(지번) 방이동 109-11
",02-420-8008
호낙가,"육류,고기",4.4,"
서울 송파구 백제고분로45길 17-14 1,2층
(지번) 송파동 40-11
",02-422-4011
도키도키키친,일본식주점,3.8,"
서울 송파구 백제고분로41길 18 1층
(지번) 송파동 24-7
",02-2203-3369
을밀대 잠실점,국수,3.6,"
서울 송파구 오금로15길 7-13
(지번) 방이동 67-5
",02-3432-5233
본가진미간장게장,"게,대게",3.7,"
서울 송파구 백제고분로 420 1층
(지번) 송파동 134-1
",02-422-5081
라뿔,디저트카페,4.6,"
서울 송파구 백제고분로43길 7 1층
(지번) 송파동 20-11
",02-423-3502
저스트텐동 송리단길점,일식,3.2,"
서울 송파구 백제고분로45길 15 1층
(지번) 송파동 42
",
일월고기,"육류,고기",3.5,"
서울 송파구 오금로15길 7-16 2층
(지번) 방이동 68-10
",02-415-7546
진대감 방이점,"육류,고기",3.8,"
서울 송파구 오금로13길 6 1층
(지번) 방이동 67
",02-416-2472
킴스델리마켓,"제과,베이커리",3.4,"
서울 송파구 백제고분로45길 13 101호
(지번) 송파동 43
",
화반 방이점,삼겹살,4.3,"
서울 송파구 오금로13길 8 1층
(지번) 방이동 67-7
",02-418-9292
항방양육관 방이점,양꼬치,4.4,"
서울 송파구 오금로15길 2 1층
(지번) 방이동 109
",02-418-9988
성민양꼬치 잠실점,양꼬치,4.4,"
서울 송파구 오금로15길 7-1
(지번) 방이동 68-6
",02-425-1827
놀부유황오리진흙구이 잠실점,오리,3.5,"
서울 송파구 오금로 131 1,2층
(지번) 방이동 109-10
",02-425-5292
돈부리파스타 송리단길점,양식,3.3,"
서울 송파구 백제고분로45길 17 지하 1층
(지번) 송파동 42-1
",02-6952-5151
수다감자탕,감자탕,,"
서울 송파구 백제고분로41길 16 1층 103호
(지번) 송파동 23
",02-424-4226
배키욘방,일식,,"
서울 송파구 올림픽로32길 22-23 평원빌딩 1층 102호
(지번) 방이동 62-3
",02-418-7773
오모리찌개 잠실본점,"찌개,전골",2.5,"
서울 송파구 송파대로 471 2층
(지번) 석촌동 183-3
",02-2203-0067
디프,양식,5.0,"
서울 송파구 백제고분로45길 15 3층
(지번) 송파동 42
",
컴오프,카페,3.6,"
서울 송파구 백제고분로45길 21-7
(지번) 송파동 40-12
",
이랑칼국수,칼국수,3.7,"
서울 송파구 백제고분로41길 6
(지번) 송파동 21-6
",02-416-0603
청화초밥,"초밥,롤",4.0,"
서울 송파구 오금로13길 14 1층
(지번) 방이동 69-9
",02-420-3686
화사랑화로구이,"육류,고기",2.7,"
서울 송파구 오금로 162
(지번) 송파동 135-6
",02-421-4554
완도산회 송파직영점,회,3.0,"
서울 송파구 백제고분로41길 10 1층
(지번) 송파동 22-2
",02-422-5989
유우링,카페,,"
서울 송파구 백제고분로43길 4 지하1층
(지번) 송파동 47
",02-413-3218
일미양다리꼬치,양꼬치,4.5,"
서울 송파구 오금로15길 10 1층
(지번) 방이동 71-2
",02-6120-6788
육화식당,삼겹살,4.5,"
서울 송파구 올림픽로32길 29 1,2층
(지번) 방이동 70
",02-424-6882
오잘전맥집,"호프,요리주점",4.0,"
서울 송파구 백제고분로41길 17 부림빌딩 1층
(지번) 송파동 14-18
",02-6402-1966
토나리우동,"돈까스,우동",3.4,"
서울 송파구 백제고분로45길 11
(지번) 송파동 43-1
",
방이돈가,"육류,고기",4.2,"
서울 송파구 오금로15길 4 1층
(지번) 방이동 71-14
",02-415-7220
참설농탕 송파직영점,설렁탕,2.3,"
서울 송파구 백제고분로 430
(지번) 송파동 135-1
",02-2203-8824
호이안로스터리 송리단길점,카페,4.3,"
서울 송파구 백제고분로45길 3-18
(지번) 송파동 46-13
",02-422-8929
스웨덴피크닉 송리단길점,와인바,4.5,"
서울 송파구 백제고분로43길 10 지하1층
(지번) 송파동 45-18
",070-8286-4119
오늘와인한잔 석촌역점,와인바,3.9,"
서울 송파구 백제고분로41길 13
(지번) 송파동 16-6
",02-422-7631
피치그레이,카페,4.4,"
서울 송파구 백제고분로41길 24 2층
(지번) 송파동 25
",
부산순곱이네 방이점,"곱창,막창",3.6,"
서울 송파구 오금로15길 16 1층
(지번) 방이동 71
",02-424-3024
해담,일식,4.3,"
서울 송파구 오금로15길 5-12
(지번) 방이동 67-2
",02-421-5800
디온웨이,카페,,"
서울 송파구 백제고분로41길 18 2층
(지번) 송파동 24-7
",02-419-0407
크래버대게나라 잠실점,"게,대게",3.8,"
서울 송파구 오금로 165 웰빙빌딩 1층
(지번) 방이동 110-13
",02-412-2338
르브리에,카페,4.8,"
서울 송파구 백제고분로43길 8 1층
(지번) 송파동 46-19
",010-9702-2115
송리단양조장,한식,4.0,"
서울 송파구 백제고분로45길 11 렉스프라자 2층
(지번) 송파동 43-1
",070-8650-5211
잭커리버거클럽,패스트푸드,5.0,"
서울 송파구 백제고분로45길 21-9
(지번) 송파동 40
",
소담정,"육류,고기",4.0,"
서울 송파구 올림픽로32길 22-22
(지번) 방이동 63-4
",02-420-0099
송계옥 본점,닭요리,,"
서울 송파구 올림픽로32길 38 1층 103, 104호
(지번) 방이동 93-14
",070-7767-2323
어부횟집,일식,3.6,"
서울 송파구 오금로15길 7
(지번) 방이동 67-10
",02-420-9704
컴포즈커피 송파석촌점,커피전문점,4.4,"
서울 송파구 백제고분로41길 18 1층
(지번) 송파동 24-7
",
이성원쉐프의청년감자탕순대국 방이동 본점,감자탕,3.8,"
서울 송파구 오금로19길 5 1층
(지번) 방이동 110-12
",02-3431-9252
타로데이트,테마카페,2.4,"
서울 송파구 오금로15길 6 2층
(지번) 방이동 71-13
",010-9917-8484
본디,삼겹살,4.7,"
서울 송파구 백제고분로41길 18 1층
(지번) 송파동 24-7
",02-6080-3636
슈타인도르프,"호프,요리주점",4.1,"
서울 송파구 오금로15길 11
(지번) 방이동 69-1
",02-422-9000
쥰쇼쿠도,일식,4.4,"
서울 송파구 백제고분로43길 8
(지번) 송파동 46-19
",
옛촌매운갈비찜,갈비,3.9,"
서울 송파구 백제고분로41길 10
(지번) 송파동 22-2
",02-417-6689
제줏간 방이점,"육류,고기",3.0,"
서울 송파구 오금로15길 5-24 1층
(지번) 방이동 67-1
",02-419-2202
송돝,삼겹살,4.3,"
서울 송파구 오금로15길 8 1층
(지번) 방이동 71-3
",02-422-9841
숙달돼지 잠실방이점,삼겹살,3.9,"
서울 송파구 오금로13길 10-1 1층
(지번) 방이동 68-3
",02-424-6603
바이춘천,닭요리,3.1,"
서울 송파구 백제고분로41길 13 102호
(지번) 송파동 16-6
",02-423-1300
바다회풍경,회,3.0,"
서울 송파구 오금로15길 8
(지번) 방이동 71-3
",02-416-5060
놀잇터,"호프,요리주점",4.4,"
서울 송파구 백제고분로41길 19-1 1층
(지번) 송파동 13-4
",02-418-0477
테이크어샤워,디저트카페,3.3,"
서울 송파구 송파대로47길 1 동보빌딩 1층
(지번) 석촌동 181-1
",070-4307-0910
우지커피 석촌역점,카페,4.0,"
서울 송파구 백제고분로41길 11 은혜빌딩 1층
(지번) 송파동 17-3
",
버거킹 석촌점,패스트푸드,2.3,"
서울 송파구 송파대로 448
(지번) 송파동 15-8
",02-424-6313
육감만족,한정식,2.6,"
서울 송파구 백제고분로41길 19
(지번) 송파동 14-3
",02-417-9212
오대양참치,참치회,4.8,"
서울 송파구 오금로15길 6 1층
(지번) 방이동 71-13
",02-424-2727
사운드온,술집,5.0,"
서울 송파구 백제고분로41길 19-1 1층
(지번) 송파동 13-4
",
칠프로 칠백식당 방이직영점,"육류,고기",4.9,"
서울 송파구 올림픽로32길 42 1층
(지번) 방이동 93-6
",02-417-7004
유목카츠,"돈까스,우동",2.8,"
서울 송파구 백제고분로45길 7 1층 102,103호
(지번) 송파동 45-5
",02-3432-8886
참치연가,참치회,4.5,"
서울 송파구 백제고분로41길 11 1층
(지번) 송파동 17-3
",02-420-1422
거상 명인갈비,갈비,3.0,"
서울 송파구 오금로 113
(지번) 방이동 66-3
",
맛닭꼬 석촌역점,치킨,1.9,"
서울 송파구 백제고분로41길 20
(지번) 송파동 24
",02-421-2292
코지블루,카페,4.9,"
서울 송파구 백제고분로45길 7 302호
(지번) 송파동 45-5
",010-3493-4766
꿉당 잠실방이점,"육류,고기",3.2,"
서울 송파구 오금로15길 9 1층
(지번) 방이동 68-8
",
오땅비어 석촌역점,"호프,요리주점",4.5,"
서울 송파구 백제고분로41길 15
(지번) 송파동 16-1
",
천하장사풍천장어,장어,3.0,"
서울 송파구 오금로 113 2층
(지번) 방이동 66-3
",
모아레,카페,4.8,"
서울 송파구 백제고분로41길 6-5 연빌딩 2층
(지번) 송파동 21-5
",0507-1355-3703
신나라떡볶이 본점,떡볶이,3.0,"
서울 송파구 백제고분로41길 16
(지번) 송파동 23
",02-420-0105
자시정,한식,4.4,"
서울 송파구 백제고분로41길 16 1층 101호
(지번) 송파동 23
",010-9834-7531
삿포로참치 직영본점,참치회,2.3,"
서울 송파구 올림픽로32길 32
(지번) 방이동 69-4
",02-416-1479
수미양가,"육류,고기",4.6,"
서울 송파구 백제고분로43길 8 1층
(지번) 송파동 46-19
",02-6956-0092
메가MGC커피 석촌점,커피전문점,,"
서울 송파구 백제고분로41길 6 1층
(지번) 송파동 21-6
",02-420-7911
청년고기장수 방이점,"육류,고기",,"
서울 송파구 오금로15길 7 2층
(지번) 방이동 67-10
",02-415-8090
서두산딤섬만두 2호점,중식,3.8,"
서울 송파구 올림픽로32길 18-23 2층
(지번) 방이동 63
",02-422-4588
연안부두 2호점,회,3.9,"
서울 송파구 오금로13길 11 1층
(지번) 방이동 62-5
",02-419-9897
스시선 방이점,"초밥,롤",4.6,"
서울 송파구 올림픽로32길 37
(지번) 방이동 98-7
",02-413-2585
바니유,디저트카페,3.1,"
서울 송파구 백제고분로45길 21 2층
(지번) 송파동 40
",
별미곱창 본점,"곱창,막창",3.4,"
서울 송파구 오금로11길 14 1층
(지번) 방이동 64-1
",02-413-3610
오로라덮밥,일식,2.6,"
서울 송파구 백제고분로45길 15
(지번) 송파동 42
",
함평육회 본점,"육류,고기",3.9,"
서울 송파구 올림픽로32길 22-19 1층
(지번) 방이동 62-2
",02-423-3336
맥도날드 석촌역점,패스트푸드,2.3,"
서울 송파구 백제고분로 390
(지번) 송파동 84
",02-6415-6200
룰루베이글,"제과,베이커리",4.5,"
서울 송파구 오금로17길 6 1층
(지번) 방이동 105-7
",
모어댄버터,카페,3.4,"
서울 송파구 송파대로 467 지하1, 1층
(지번) 석촌동 184-1
",0507-1495-8246
포대인대구막창 잠실점,"곱창,막창",4.3,"
서울 송파구 백제고분로41길 7
(지번) 송파동 18-18
",02-419-1551
빅토리아레이블,카페,3.2,"
서울 송파구 오금로 105 덕림빌딩 1층
(지번) 방이동 66
",010-9500-2034
더장어,장어,5.0,"
서울 송파구 오금로 113 2층
(지번) 방이동 66-3
",
소포모어,와인바,5.0,"
서울 송파구 백제고분로41길 21 2층
(지번) 송파동 13-18
",
밀회관 방이점,"호프,요리주점",4.0,"
서울 송파구 올림픽로32길 29 1층
(지번) 방이동 70
",02-2202-0120
아스케키,일본식주점,4.0,"
서울 송파구 백제고분로45길 15 1층
(지번) 송파동 42
",
삼백집 잠실직영점,국밥,2.9,"
서울 송파구 석촌호수로 240
(지번) 석촌동 183-9
",02-418-0301
그릭데이 잠실점,디저트카페,4.1,"
서울 송파구 백제고분로 423 1층
(지번) 송파동 47-4
",02-422-5787
대박쌈,"족발,보쌈",4.2,"
서울 송파구 오금로13길 13
(지번) 방이동 62-6
",02-422-5594
방이옥 본점,"육류,고기",4.4,"
서울 송파구 올림픽로32길 28 1층
(지번) 방이동 62-9
",02-423-6592
이화초밥,"초밥,롤",4.4,"
서울 송파구 백제고분로41길 15
(지번) 송파동 16
",02-420-6415
창고43 잠실점,"육류,고기",3.7,"
서울 송파구 송파대로 473 양지473 2층 201호
(지번) 석촌동 183-2
",02-425-4003
마늘치킨함스함스 송파점,치킨,3.2,"
서울 송파구 백제고분로41길 12
(지번) 송파1동 22
",02-415-3951
송파생태전문 송파점,"해물,생선",4.3,"
서울 송파구 오금로15길 14
(지번) 방이동 71-1
",02-414-6068
스시유메,"초밥,롤",4.3,"
서울 송파구 올림픽로32길 49
(지번) 방이동 102-2
",02-422-1432
복면옥 잠실점,냉면,4.6,"
서울 송파구 송파대로 471 2층
(지번) 석촌동 183-3
",0507-1353-4970
오스테리아세콘디,이탈리안,4.0,"
서울 송파구 백제고분로42길 4-9 1층 102호
(지번) 송파동 85-13
",0507-1330-4244
가타커피,카페,4.7,"
서울 송파구 백제고분로45길 5-18 1층 101호
(지번) 송파동 45-11
",070-5096-3351
빽돈 방이점,"육류,고기",4.0,"
서울 송파구 올림픽로32길 29 유성빌딩 1층
(지번) 방이동 70
",02-421-7779
소류,일본식주점,3.6,"
서울 송파구 오금로17길 5 1층 101호
(지번) 방이동 104-13
",02-415-3777
수작나베 석촌호수직영점,퓨전일식,4.3,"
서울 송파구 석촌호수로 234 라품미빌딩 1층
(지번) 석촌동 158-7
",02-423-3767
제주옥탑 서울방이점,"육류,고기",3.3,"
서울 송파구 오금로15길 7-1 2층
(지번) 방이동 68-6
",
제일곱창,"곱창,막창",4.1,"
서울 송파구 올림픽로32길 22-13 동도빌딩 1층
(지번) 방이동 62-12
",010-7374-1532
코코로,일본식주점,4.5,"
서울 송파구 올림픽로32길 41
(지번) 방이동 99-21
",02-416-0518
돼지명가,"육류,고기",4.5,"
서울 송파구 오금로15길 10 1층 101호
(지번) 방이동 71-2
",02-6285-9595
방이순대국,순대,5.0,"
서울 송파구 오금로15길 5-8 태훈빌딩 1층 103호
(지번) 방이동 67-3
",02-424-8989
이자카야오모,일본식주점,3.5,"
서울 송파구 올림픽로32길 52 2층
(지번) 방이동 104
",
동대문엽기떡볶이 방이점,떡볶이,2.3,"
서울 송파구 오금로17길 5
(지번) 방이동 104-13
",02-413-8592
커피야,카페,5.0,"
서울 송파구 백제고분로41길 22
(지번) 송파동 25-3
",02-3431-5573
이슬재 YISEULJAE,카페,4.6,"
서울 송파구 백제고분로41길 19-24 1층 101호
(지번) 송파동 13-15
",010-5080-7738
사사노하,일본식주점,4.2,"
서울 송파구 백제고분로42길 4-13 1층
(지번) 송파동 85-12
",070-4101-4451
버거킹 송파구청점,패스트푸드,3.4,"
서울 송파구 오금로 99 진넥스빌딩 1층
(지번) 방이동 65-2
",02-419-0332
크레뮤 러빙 클럽,디저트카페,3.9,"
서울 송파구 백제고분로45길 21 2층
(지번) 송파동 40
",
멍꼬치,한식,5.0,"
서울 송파구 오금로15길 5-8 1층 101호
(지번) 방이동 67
",0507-1412-1245
루티드,카페,5.0,"
서울 송파구 오금로17길 7 101호
(지번) 방이동 104-3
",070-8844-1707
에프라운지,카페,2.5,"
서울 송파구 백제고분로41길 7-15 굿피플오피스 9층
(지번) 송파동 18-11
",
이디야커피 송파동점,커피전문점,2.8,"
서울 송파구 백제고분로41길 5
(지번) 송파동 18-4
",02-417-5870
옛촌매운갈비찜,갈비,2.9,"
서울 송파구 올림픽로32길 24 1층
(지번) 방이동 62
",02-412-8899
큰맘할매순대국 석촌역점,순대,2.0,"
서울 송파구 백제고분로41길 8
(지번) 송파동 21
",02-422-7740
별미곱창 방이2호점,"곱창,막창",2.6,"
서울 송파구 올림픽로32길 22
(지번) 방이동 63-14
",02-414-4545
어소반 석촌호수점,"해물,생선",3.3,"
서울 송파구 백제고분로41길 8
(지번) 송파동 21
",02-424-0033
곱창고 석촌역점,"곱창,막창",3.0,"
서울 송파구 백제고분로41길 16 일송빌딩 1층
(지번) 송파동 23
",02-415-8296
마로 파티세리,디저트카페,5.0,"
서울 송파구 백제고분로41길 20 1층 102호
(지번) 송파동 24
",010-4160-1680
제주은희네해장국 잠실직영점,해장국,3.5,"
서울 송파구 송파대로49길 10 1층
(지번) 석촌동 183-7
",02-6013-0831
동래별장,회,3.7,"
서울 송파구 올림픽로32길 18-11
(지번) 방이동 63-1
",02-422-0469
도톤보리,일본식주점,3.1,"
서울 송파구 올림픽로32길 28 2층
(지번) 방이동 62-9
",
79대포 방이점,실내포장마차,4.2,"
서울 송파구 올림픽로32길 36 1층
(지번) 방이동 71-9
",02-424-7977
소호정 송파점,국수,2.4,"
서울 송파구 오금로13길 3 동마루빌딩 1층
(지번) 방이동 65-4
",02-421-4448
수빈식당,"해물,생선",4.7,"
서울 송파구 백제고분로41길 7
(지번) 송파동 18-18
",02-424-0883
글로리식당,한식,3.8,"
서울 송파구 백제고분로42길 4-13
(지번) 송파동 85-12
",070-8830-9523
필앳홈,카페,,"
서울 송파구 백제고분로41길 6-5 연빌딩 1층
(지번) 송파동 21-5
",010-2239-7038
볼우물,양식,4.8,"
서울 송파구 백제고분로41길 6-5 연빌딩 3층 302호
(지번) 송파동 21-5
",010-5574-1141
바다수퍼 방이본점,조개,2.0,"
서울 송파구 오금로15길 9-12 1층
(지번) 방이동 69-10
",02-423-0333
플랭,와인바,5.0,"
서울 송파구 백제고분로41길 19-1 2층 플랭
(지번) 송파동 13-4
",070-4006-3452
미스타교자 방이점,한식,4.7,"
서울 송파구 오금로15길 7-12 초원하우스 1층 101호
(지번) 방이동 68-1
",02-415-5036
한우림 송파점,"육류,고기",1.0,"
서울 송파구 백제고분로41길 24 1층
(지번) 송파동 25
",02-424-2013
석촌활어회,회,4.4,"
서울 송파구 백제고분로 384 평화빌딩 1층
(지번) 송파동 84-2
",
삿뽀로 방이점,일식집,3.5,"
서울 송파구 오금로11길 7 제이타워빌딩 2층
(지번) 방이동 24-3
",02-418-7797
양평두물머리해장국 송파본점,해장국,2.7,"
서울 송파구 백제고분로 384
(지번) 송파동 84-2
",02-2202-9383
아지태,일본식주점,4.7,"
서울 송파구 백제고분로 426 백상빌딩 1층 101호
(지번) 송파동 135
",010-5353-8994
파머쓰,카페,0.0,"
서울 송파구 백제고분로45길 21
(지번) 송파동 40
",
유주얼,디저트카페,3.9,"
서울 송파구 오금로17길 4-7 1층 102호
(지번) 방이동 105-13
",
오봉집 석촌역점,한식,2.0,"
서울 송파구 백제고분로 385 101호
(지번) 송파동 19-8
",
